--
-- PostgreSQL database dump
--

-- Dumped from database version 12.6
-- Dumped by pg_dump version 12.6

SET statement_timeout = 0;
SET lock_timeout = 0;
SET idle_in_transaction_session_timeout = 0;
SET client_encoding = 'UTF8';
SET standard_conforming_strings = on;
SELECT pg_catalog.set_config('search_path', '', false);
SET check_function_bodies = false;
SET xmloption = content;
SET client_min_messages = warning;
SET row_security = off;

SET default_tablespace = '';

SET default_table_access_method = heap;

--
-- Name: ar_internal_metadata; Type: TABLE; Schema: public; Owner: Micah
--

CREATE TABLE public.ar_internal_metadata (
    key character varying NOT NULL,
    value character varying,
    created_at timestamp without time zone NOT NULL,
    updated_at timestamp without time zone NOT NULL
);


ALTER TABLE public.ar_internal_metadata OWNER TO "Micah";

--
-- Name: products; Type: TABLE; Schema: public; Owner: Micah
--

CREATE TABLE public.products (
    id bigint NOT NULL,
    name character varying,
    cost money,
    country_of_origin character varying,
    created_at timestamp without time zone NOT NULL,
    updated_at timestamp without time zone NOT NULL
);


ALTER TABLE public.products OWNER TO "Micah";

--
-- Name: products_id_seq; Type: SEQUENCE; Schema: public; Owner: Micah
--

CREATE SEQUENCE public.products_id_seq
    START WITH 1
    INCREMENT BY 1
    NO MINVALUE
    NO MAXVALUE
    CACHE 1;


ALTER TABLE public.products_id_seq OWNER TO "Micah";

--
-- Name: products_id_seq; Type: SEQUENCE OWNED BY; Schema: public; Owner: Micah
--

ALTER SEQUENCE public.products_id_seq OWNED BY public.products.id;


--
-- Name: reviews; Type: TABLE; Schema: public; Owner: Micah
--

CREATE TABLE public.reviews (
    id bigint NOT NULL,
    author character varying,
    content_body text,
    rating integer,
    created_at timestamp without time zone NOT NULL,
    updated_at timestamp without time zone NOT NULL,
    product_id integer
);


ALTER TABLE public.reviews OWNER TO "Micah";

--
-- Name: reviews_id_seq; Type: SEQUENCE; Schema: public; Owner: Micah
--

CREATE SEQUENCE public.reviews_id_seq
    START WITH 1
    INCREMENT BY 1
    NO MINVALUE
    NO MAXVALUE
    CACHE 1;


ALTER TABLE public.reviews_id_seq OWNER TO "Micah";

--
-- Name: reviews_id_seq; Type: SEQUENCE OWNED BY; Schema: public; Owner: Micah
--

ALTER SEQUENCE public.reviews_id_seq OWNED BY public.reviews.id;


--
-- Name: schema_migrations; Type: TABLE; Schema: public; Owner: Micah
--

CREATE TABLE public.schema_migrations (
    version character varying NOT NULL
);


ALTER TABLE public.schema_migrations OWNER TO "Micah";

--
-- Name: products id; Type: DEFAULT; Schema: public; Owner: Micah
--

ALTER TABLE ONLY public.products ALTER COLUMN id SET DEFAULT nextval('public.products_id_seq'::regclass);


--
-- Name: reviews id; Type: DEFAULT; Schema: public; Owner: Micah
--

ALTER TABLE ONLY public.reviews ALTER COLUMN id SET DEFAULT nextval('public.reviews_id_seq'::regclass);


--
-- Data for Name: ar_internal_metadata; Type: TABLE DATA; Schema: public; Owner: Micah
--

COPY public.ar_internal_metadata (key, value, created_at, updated_at) FROM stdin;
environment	development	2021-03-19 15:42:00.465285	2021-03-19 15:42:00.465285
\.


--
-- Data for Name: products; Type: TABLE DATA; Schema: public; Owner: Micah
--

COPY public.products (id, name, cost, country_of_origin, created_at, updated_at) FROM stdin;
266	Grapefruit	$13.05	Iran	2021-03-19 22:06:24.202622	2021-03-19 22:06:24.202622
267	Mustard	$18.64	Faroe Islands	2021-03-19 22:06:24.222389	2021-03-19 22:06:24.222389
268	Hazelnut	$8.29	Tuvalu	2021-03-19 22:06:24.240192	2021-03-19 22:06:24.240192
269	Freekeh	$13.68	Iceland	2021-03-19 22:06:24.258117	2021-03-19 22:06:24.258117
270	Crabs	$18.53	Switzerland	2021-03-19 22:06:24.27623	2021-03-19 22:06:24.27623
271	Cheddar	$4.37	El Salvador	2021-03-19 22:06:24.294245	2021-03-19 22:06:24.294245
272	Sausages	$19.24	Mali	2021-03-19 22:06:24.312193	2021-03-19 22:06:24.312193
273	Oregano	$14.40	Madagascar	2021-03-19 22:06:24.331533	2021-03-19 22:06:24.331533
274	Lettuce	$0.46	Mozambique	2021-03-19 22:06:24.354288	2021-03-19 22:06:24.354288
275	Ajowan Seed	$4.58	Bangladesh	2021-03-19 22:06:24.372931	2021-03-19 22:06:24.372931
276	Harissa	$13.74	Morocco	2021-03-19 22:06:24.391162	2021-03-19 22:06:24.391162
277	Avocado	$3.97	Trinidad And Tobago	2021-03-19 22:06:24.409185	2021-03-19 22:06:24.409185
278	Wheatgrass Juice	$8.21	Burkina Faso	2021-03-19 22:06:24.427532	2021-03-19 22:06:24.427532
279	Yogurt	$9.47	Isle Of Man	2021-03-19 22:06:24.446277	2021-03-19 22:06:24.446277
280	Rice Noodles	$2.15	Italy	2021-03-19 22:06:24.46526	2021-03-19 22:06:24.46526
281	Yeast	$0.85	Saint Kitts And Nevis	2021-03-19 22:06:24.483135	2021-03-19 22:06:24.483135
282	Cream Cheese	$2.42	Senegal	2021-03-19 22:06:24.50134	2021-03-19 22:06:24.50134
283	Nutmeg	$9.12	Cote D'ivoire	2021-03-19 22:06:24.51898	2021-03-19 22:06:24.51898
284	Oysters	$16.72	French Polynesia	2021-03-19 22:06:24.536993	2021-03-19 22:06:24.536993
285	Kidneys	$8.88	Niue	2021-03-19 22:06:24.554789	2021-03-19 22:06:24.554789
286	Ricotta	$0.28	Bouvet Island (Bouvetoya)	2021-03-19 22:06:24.573326	2021-03-19 22:06:24.573326
287	Elderberry	$7.05	Canada	2021-03-19 22:06:24.607091	2021-03-19 22:06:24.607091
288	Butter	$15.84	Wallis And Futuna	2021-03-19 22:06:24.624738	2021-03-19 22:06:24.624738
289	Banana	$9.29	Faroe Islands	2021-03-19 22:06:24.641535	2021-03-19 22:06:24.641535
290	Okra	$12.72	Guatemala	2021-03-19 22:06:24.657762	2021-03-19 22:06:24.657762
291	Liver	$11.94	Greece	2021-03-19 22:06:24.67499	2021-03-19 22:06:24.67499
292	Cocoa Powder	$3.23	Peru	2021-03-19 22:06:24.691706	2021-03-19 22:06:24.691706
293	Sugar	$9.48	South Georgia And The South Sandwich Islands	2021-03-19 22:06:24.709061	2021-03-19 22:06:24.709061
294	Extra Virgin Olive Oil	$4.48	El Salvador	2021-03-19 22:06:24.726325	2021-03-19 22:06:24.726325
295	Greenwheat Freekeh	$16.53	Bulgaria	2021-03-19 22:06:24.743513	2021-03-19 22:06:24.743513
296	Kale	$12.45	Cook Islands	2021-03-19 22:06:24.760329	2021-03-19 22:06:24.760329
297	Mustard Seed	$13.79	Gibraltar	2021-03-19 22:06:24.777174	2021-03-19 22:06:24.777174
298	Black Eyed Beans	$13.46	Marshall Islands	2021-03-19 22:06:24.794553	2021-03-19 22:06:24.794553
299	Macadamia Nut	$2.65	Bosnia And Herzegovina	2021-03-19 22:06:24.811785	2021-03-19 22:06:24.811785
300	Yellowtail Kingfish	$12.49	South Africa	2021-03-19 22:06:24.829196	2021-03-19 22:06:24.829196
301	Cumquat	$5.13	Botswana	2021-03-19 22:06:24.846793	2021-03-19 22:06:24.846793
302	Koshihikari Rice	$11.18	Iceland	2021-03-19 22:06:24.865161	2021-03-19 22:06:24.865161
303	Berries	$11.58	Indonesia	2021-03-19 22:06:24.883163	2021-03-19 22:06:24.883163
304	Flour	$16.28	Italy	2021-03-19 22:06:24.900303	2021-03-19 22:06:24.900303
305	Loquats	$16.38	Central African Republic	2021-03-19 22:06:24.917473	2021-03-19 22:06:24.917473
306	Quark Quinc	$18.15	Pakistan	2021-03-19 22:06:24.934828	2021-03-19 22:06:24.934828
307	Muesli	$7.02	Saint Vincent And The Grenadines	2021-03-19 22:06:24.95305	2021-03-19 22:06:24.95305
308	Pasta	$10.50	Central African Republic	2021-03-19 22:06:24.985752	2021-03-19 22:06:24.985752
309	Fish Sauce	$12.55	Northern Mariana Islands	2021-03-19 22:06:25.003383	2021-03-19 22:06:25.003383
310	Strawberries	$1.70	Israel	2021-03-19 22:06:25.020463	2021-03-19 22:06:25.020463
311	Starfruit	$19.15	Andorra	2021-03-19 22:06:25.037436	2021-03-19 22:06:25.037436
312	Vegetable Oil	$13.85	Martinique	2021-03-19 22:06:25.05551	2021-03-19 22:06:25.05551
313	Lychees	$19.96	Chad	2021-03-19 22:06:25.073024	2021-03-19 22:06:25.073024
314	Star Anise	$11.28	Latvia	2021-03-19 22:06:25.090774	2021-03-19 22:06:25.090774
315	Provolone	$1.53	Benin	2021-03-19 22:06:25.108872	2021-03-19 22:06:25.108872
\.


--
-- Data for Name: reviews; Type: TABLE DATA; Schema: public; Owner: Micah
--

COPY public.reviews (id, author, content_body, rating, created_at, updated_at, product_id) FROM stdin;
554	Louise E. Anna	Rerum et veniam. Quibusdam illum maxime. Repellendus et dignissimos. Animi ipsam sed.	2	2021-03-19 22:06:24.207282	2021-03-19 22:06:24.207282	266
555	Skip Roper	Aut perferendis in. Qui tenetur vitae. Natus et harum. Quae optio fuga. Aut minima vel.	4	2021-03-19 22:06:24.210994	2021-03-19 22:06:24.210994	266
556	Mike Czech	Esse repellendus quia. Expedita voluptatem perferendis. Recusandae sed sed. Quis iusto quibusdam.	4	2021-03-19 22:06:24.214074	2021-03-19 22:06:24.214074	266
557	Juan Fortharoad	Voluptatem quia dolorem. Velit debitis hic. Amet ut necessitatibus. Necessitatibus molestias et.	5	2021-03-19 22:06:24.217197	2021-03-19 22:06:24.217197	266
558	Annie Moore	Nesciunt aut quae. Tenetur suscipit illo. Ad commodi alias. Adipisci occaecati magnam. Qui id vel.	3	2021-03-19 22:06:24.22035	2021-03-19 22:06:24.22035	266
559	Doug Hole	Eos eius tempora. Et quos aut. Quos ducimus et. Laborum rerum optio. Commodi animi doloremque.	4	2021-03-19 22:06:24.22598	2021-03-19 22:06:24.22598	267
560	Raynor Schein	Omnis quia impedit. Minima quis ut. Temporibus qui quo. Officiis reprehenderit ipsam.	1	2021-03-19 22:06:24.229214	2021-03-19 22:06:24.229214	267
561	Ben Lyon	Enim animi sequi. Nisi id earum. Aut voluptatibus voluptas. Deleniti sit id.	4	2021-03-19 22:06:24.232219	2021-03-19 22:06:24.232219	267
562	Sal Ami	Quod rerum similique. Dolorem odio ducimus. Quisquam quia distinctio. Est ut odio. Dolorum ut impedit.	4	2021-03-19 22:06:24.235275	2021-03-19 22:06:24.235275	267
563	Marj Oram	Ratione placeat possimus. Aperiam impedit repellat. Temporibus facilis laborum. At sit dolorum.	4	2021-03-19 22:06:24.238177	2021-03-19 22:06:24.238177	267
564	Amanda B. Reckonwith	In temporibus tempore. Vero et qui. Ea et perspiciatis. Qui quia et. Repellat occaecati nulla.	4	2021-03-19 22:06:24.243526	2021-03-19 22:06:24.243526	268
565	Ilene East	Illo accusamus dolorem. Placeat reiciendis eveniet. Debitis soluta quia. Optio nostrum quidem. Occaecati est veritatis.	5	2021-03-19 22:06:24.246763	2021-03-19 22:06:24.246763	268
566	Art Painter	Aliquid fugit nesciunt. Debitis dicta voluptate. Quis quidem nemo. Dolor qui ut.	1	2021-03-19 22:06:24.249733	2021-03-19 22:06:24.249733	268
567	Rich Feller	Voluptatem minus corporis. Fugiat tenetur est. Perspiciatis et aut. Assumenda reprehenderit tenetur. Velit quis quisquam.	3	2021-03-19 22:06:24.252796	2021-03-19 22:06:24.252796	268
568	Sam Dayoulpay	Et eos dicta. Consequatur modi maiores. Et ut accusamus. Ad rerum incidunt. Quia repellendus debitis.	5	2021-03-19 22:06:24.255902	2021-03-19 22:06:24.255902	268
569	Dee Major	Rem nesciunt blanditiis. Quos autem est. Tempore odit officiis. Deleniti expedita saepe.	3	2021-03-19 22:06:24.261392	2021-03-19 22:06:24.261392	269
570	Dusty Rhodes	Sed quia animi. Voluptas ducimus ut. Et sit architecto. Culpa minus illum. Ducimus iste eveniet.	5	2021-03-19 22:06:24.264751	2021-03-19 22:06:24.264751	269
571	Brice Tagg	Saepe magni quibusdam. Ipsum id fuga. Tenetur suscipit non. Qui expedita officiis. Quo ipsa optio.	1	2021-03-19 22:06:24.267965	2021-03-19 22:06:24.267965	269
572	Holly Day	Nisi iste numquam. Porro dolorem et. Impedit harum asperiores. Quibusdam a sequi.	3	2021-03-19 22:06:24.270901	2021-03-19 22:06:24.270901	269
573	Misty C. Shore	Neque sit ea. Dolor aspernatur quos. Magni molestiae officiis. Perferendis distinctio et. Delectus accusantium voluptatem.	5	2021-03-19 22:06:24.273995	2021-03-19 22:06:24.273995	269
574	Olive Branch	Est sequi placeat. Quo velit iure. Ipsum culpa perferendis. Molestiae qui id. Ipsa atque qui.	4	2021-03-19 22:06:24.279519	2021-03-19 22:06:24.279519	270
575	Corey Ander	Quasi distinctio quia. Molestiae eos officiis. Corporis at molestiae. Voluptas nihil commodi. Incidunt cum omnis.	2	2021-03-19 22:06:24.282741	2021-03-19 22:06:24.282741	270
576	Ali Gator	Alias aut eos. Iure pariatur voluptatem. Aliquid sit exercitationem. Consequatur occaecati asperiores.	1	2021-03-19 22:06:24.285756	2021-03-19 22:06:24.285756	270
577	May Furst	Explicabo quaerat eum. Explicabo commodi sequi. Eos minus voluptas. Qui occaecati dolorem.	3	2021-03-19 22:06:24.288821	2021-03-19 22:06:24.288821	270
578	Kareem O'Weet	Praesentium voluptatem molestiae. Dolorem ducimus laborum. Alias et et. Ut quam laboriosam.	1	2021-03-19 22:06:24.292262	2021-03-19 22:06:24.292262	270
579	Lake Speed	Fugit quidem quisquam. Commodi atque ut. Illo cumque eum. Explicabo et hic.	4	2021-03-19 22:06:24.297385	2021-03-19 22:06:24.297385	271
580	Iona Frisbee	Maiores quis adipisci. Error magnam voluptate. Et voluptatem eligendi. Ea autem quisquam. Tempora laudantium deleniti.	2	2021-03-19 22:06:24.300619	2021-03-19 22:06:24.300619	271
581	Mark Mywords	Et et quaerat. Nisi ea sit. Dicta sint quia. Ex aut quidem. Temporibus architecto nobis.	5	2021-03-19 22:06:24.303755	2021-03-19 22:06:24.303755	271
582	Bess Eaton	Quo iste commodi. Aut maiores dolorem. Odit beatae ea. Cumque recusandae quo. Sed repellendus consequatur.	5	2021-03-19 22:06:24.307069	2021-03-19 22:06:24.307069	271
583	Bob Katz	Rerum id enim. Minus voluptatum dicta. Totam magni ipsam. Accusantium esse labore.	2	2021-03-19 22:06:24.310235	2021-03-19 22:06:24.310235	271
584	Sandy Beech	Occaecati quod et. Ipsum mollitia esse. Quia voluptatibus at. Quo amet tenetur.	4	2021-03-19 22:06:24.315677	2021-03-19 22:06:24.315677	272
585	Hugo First	Debitis quis deserunt. Non culpa voluptatem. Temporibus commodi quia. Porro sed amet. Perferendis aut temporibus.	1	2021-03-19 22:06:24.318965	2021-03-19 22:06:24.318965	272
586	Ulee Daway	Voluptate et aut. Consequuntur dicta perspiciatis. Sint sed provident. Ut et omnis. Veritatis sunt omnis.	4	2021-03-19 22:06:24.322164	2021-03-19 22:06:24.322164	272
587	Marco DeStinkshun	Sed nihil officia. Sequi iusto illo. Atque molestiae cupiditate. Commodi consequatur nulla. Est voluptatem dolorem.	3	2021-03-19 22:06:24.325929	2021-03-19 22:06:24.325929	272
588	Ann Tartica	Ipsum vel sed. Molestiae et et. Ut est quibusdam. Voluptatem asperiores quia. Aliquid vero dolor.	4	2021-03-19 22:06:24.329377	2021-03-19 22:06:24.329377	272
589	Anne Teak	Qui possimus est. Qui pariatur dolor. Minima dolor doloremque. Accusantium consequatur eum.	3	2021-03-19 22:06:24.335081	2021-03-19 22:06:24.335081	273
590	Phil Graves	Quod maiores doloribus. Modi repellat et. Reiciendis cumque eveniet. Recusandae sunt voluptas.	2	2021-03-19 22:06:24.338607	2021-03-19 22:06:24.338607	273
591	Ray Zenz	Aut repudiandae sed. Facere omnis a. Dolor quis voluptatem. Nihil debitis iusto.	5	2021-03-19 22:06:24.341983	2021-03-19 22:06:24.341983	273
592	Sawyer B. Hind	Asperiores inventore dicta. Officia velit qui. Consectetur qui iusto. Aut ut minima.	2	2021-03-19 22:06:24.345364	2021-03-19 22:06:24.345364	273
593	Phil A. Delphia	Amet dicta iste. Facere eum harum. Vel ut occaecati. Nobis vero culpa.	2	2021-03-19 22:06:24.352282	2021-03-19 22:06:24.352282	273
594	Sharon A. Burger	Blanditiis non sit. Sint dolore consequatur. Occaecati illum rerum. Unde minus eaque. At fugit ipsam.	3	2021-03-19 22:06:24.357699	2021-03-19 22:06:24.357699	274
595	Ty Tass	Tenetur voluptatibus dolorum. Qui vitae iusto. Sint ut culpa. Velit placeat reiciendis. Omnis magnam accusamus.	3	2021-03-19 22:06:24.361167	2021-03-19 22:06:24.361167	274
596	Liv Good	Qui quae reprehenderit. Sunt iure quia. Nesciunt molestiae sed. Et et consequuntur.	1	2021-03-19 22:06:24.364437	2021-03-19 22:06:24.364437	274
597	Owen Moore	Quaerat quis doloremque. Libero dolore ea. Sed modi reiciendis. Qui modi facere. Modi molestiae voluptas.	2	2021-03-19 22:06:24.367751	2021-03-19 22:06:24.367751	274
598	Dan Geruss	Sed sapiente consequatur. Eos repudiandae autem. Eius quod earum. Nesciunt facere eos. Facere excepturi velit.	4	2021-03-19 22:06:24.370877	2021-03-19 22:06:24.370877	274
599	Sandy Banks	Similique nesciunt voluptates. Sint et facilis. Quaerat minima molestias. Esse id debitis.	3	2021-03-19 22:06:24.376293	2021-03-19 22:06:24.376293	275
600	Terry Bull	Magnam autem velit. Nesciunt quo voluptatum. Et vero inventore. Alias aspernatur nisi.	2	2021-03-19 22:06:24.379667	2021-03-19 22:06:24.379667	275
601	Al Kaseltzer	Rerum et similique. Eius explicabo in. Nostrum sapiente ut. Fuga tenetur quae.	5	2021-03-19 22:06:24.382782	2021-03-19 22:06:24.382782	275
602	Ferris Wheeler	Adipisci non aut. Doloribus consequatur quae. Labore at quia. Quod natus omnis.	5	2021-03-19 22:06:24.38582	2021-03-19 22:06:24.38582	275
603	Carrie Dababi	Atque rerum voluptatem. Est porro iusto. Sit amet distinctio. Nesciunt aliquam magni. Consequatur praesentium aut.	5	2021-03-19 22:06:24.389096	2021-03-19 22:06:24.389096	275
604	Ricky T. Ladder	A deleniti quod. Ut consectetur cum. Occaecati unde consequatur. Quos deleniti corrupti.	4	2021-03-19 22:06:24.394555	2021-03-19 22:06:24.394555	276
605	Dinah Might	Doloribus deleniti in. Dolorem doloremque nobis. Facere laudantium impedit. Consequatur quasi velit.	1	2021-03-19 22:06:24.397774	2021-03-19 22:06:24.397774	276
606	Pat Pending	Eum officia quo. Veniam laudantium voluptas. Veritatis dicta facere. Error cumque qui.	2	2021-03-19 22:06:24.400875	2021-03-19 22:06:24.400875	276
607	Gladys Eeya	Culpa est magnam. Voluptatem reprehenderit explicabo. Reprehenderit repellat et. Neque rerum impedit.	5	2021-03-19 22:06:24.403933	2021-03-19 22:06:24.403933	276
608	Ed Jewcation	Exercitationem laudantium quibusdam. Voluptas similique et. Explicabo ab reprehenderit. Enim hic voluptate.	1	2021-03-19 22:06:24.407091	2021-03-19 22:06:24.407091	276
609	Jim Sox	Sapiente esse id. Unde officia nemo. Quidem ab et. Et hic odio. Ipsam omnis ut.	4	2021-03-19 22:06:24.412478	2021-03-19 22:06:24.412478	277
610	Scott Shawn DeRocks	Explicabo nostrum harum. Ea maiores facere. Eos qui ratione. Aperiam minus velit.	1	2021-03-19 22:06:24.415639	2021-03-19 22:06:24.415639	277
611	May K. Fist	Adipisci dolor qui. Nemo dolores at. Ea molestiae quibusdam. Eius qui culpa.	1	2021-03-19 22:06:24.41864	2021-03-19 22:06:24.41864	277
612	Candace Spencer	Sit praesentium aut. Porro totam sapiente. In dicta laudantium. Officia quia rem. Rerum ipsum quod.	4	2021-03-19 22:06:24.421875	2021-03-19 22:06:24.421875	277
613	Marlon Fisher	Ut qui quia. Reiciendis odio perspiciatis. Voluptates ea architecto. Sed inventore deleniti. Iste dolore quia.	2	2021-03-19 22:06:24.425459	2021-03-19 22:06:24.425459	277
614	Kenney C. Strait	Maxime et deleniti. Eveniet qui id. Porro dignissimos veritatis. Sed quia molestias. Voluptates rerum laborum.	2	2021-03-19 22:06:24.430869	2021-03-19 22:06:24.430869	278
615	Jed Dye	Voluptatem eos suscipit. Deleniti laudantium eaque. Voluptatibus et ut. Placeat provident repellat. Harum deserunt iusto.	4	2021-03-19 22:06:24.434173	2021-03-19 22:06:24.434173	278
616	Brandy Anne Koch	Deserunt ipsam asperiores. Aut provident odio. Ut doloribus tenetur. Voluptas suscipit ut. Provident quibusdam dolores.	2	2021-03-19 22:06:24.437506	2021-03-19 22:06:24.437506	278
617	May O'Nays	Veritatis et voluptate. Et ea voluptatem. A in est. Doloremque delectus ipsam. Autem est ut.	3	2021-03-19 22:06:24.440898	2021-03-19 22:06:24.440898	278
618	Barry Shmelly	Veritatis ea et. Molestias assumenda velit. Eum ut sint. Et dolore quae.	1	2021-03-19 22:06:24.444243	2021-03-19 22:06:24.444243	278
619	Ellie Noise	Voluptatum placeat reiciendis. Tenetur nam corrupti. Sequi esse neque. Aut cupiditate perferendis.	1	2021-03-19 22:06:24.44952	2021-03-19 22:06:24.44952	279
620	Ken Oppenner	Doloremque quisquam qui. Ea laboriosam dolorum. Rerum quo pariatur. Eligendi maiores velit. Quia fuga dolorem.	2	2021-03-19 22:06:24.453035	2021-03-19 22:06:24.453035	279
621	Lucy Fer	Eligendi aliquid sit. Odit voluptatibus voluptas. Ratione aut omnis. Tenetur aut atque. Et consectetur officiis.	5	2021-03-19 22:06:24.456253	2021-03-19 22:06:24.456253	279
622	Justin Inch	Velit placeat necessitatibus. In aliquam praesentium. Hic vel a. Dicta ad autem. Sint ducimus eum.	1	2021-03-19 22:06:24.459974	2021-03-19 22:06:24.459974	279
623	Hal E. Luya	Corrupti atque laudantium. Ipsa dolor velit. Autem deleniti sit. Sapiente nemo a.	4	2021-03-19 22:06:24.463201	2021-03-19 22:06:24.463201	279
624	Ty Tannick	Dicta qui quidem. Ab quo veniam. Corrupti molestiae ullam. Et commodi natus.	3	2021-03-19 22:06:24.468237	2021-03-19 22:06:24.468237	280
625	Dee Zaster	Cumque sit iste. Ullam laudantium sint. Voluptatem aut illum. Veniam magnam officia.	5	2021-03-19 22:06:24.471225	2021-03-19 22:06:24.471225	280
626	U. O. Money	Tenetur assumenda nam. Soluta nisi et. Recusandae esse est. Cumque accusantium enim.	4	2021-03-19 22:06:24.474244	2021-03-19 22:06:24.474244	280
627	Ginger Snapp	Dolorem quia enim. Dolore itaque veniam. Veniam ut ullam. Deserunt dolorum aut. Veritatis est sit.	3	2021-03-19 22:06:24.477713	2021-03-19 22:06:24.477713	280
628	Megan Bacon	Repellendus praesentium est. Quia at beatae. Quia voluptatem quo. Asperiores nihil autem. Facilis quidem iste.	4	2021-03-19 22:06:24.481149	2021-03-19 22:06:24.481149	280
629	Oren Jellow	Aspernatur beatae expedita. Similique unde cum. Quasi aperiam nemo. Enim et voluptate. Molestiae animi assumenda.	2	2021-03-19 22:06:24.486355	2021-03-19 22:06:24.486355	281
630	Shanda Lear	Et blanditiis et. Necessitatibus commodi occaecati. Et aut quia. Laboriosam eius ab.	3	2021-03-19 22:06:24.489413	2021-03-19 22:06:24.489413	281
631	Rowan Boatman	Maiores aspernatur adipisci. Blanditiis id incidunt. Est et et. At laudantium minima. Laborum blanditiis eligendi.	1	2021-03-19 22:06:24.492959	2021-03-19 22:06:24.492959	281
632	Kat Toy	Cupiditate voluptas voluptate. Natus aut laboriosam. Saepe vel reprehenderit. Enim quia exercitationem. Non illum nostrum.	5	2021-03-19 22:06:24.496409	2021-03-19 22:06:24.496409	281
633	Bill Board	Rerum pariatur molestiae. Molestiae odit nobis. Velit eius et. Quia voluptates quis.	1	2021-03-19 22:06:24.49944	2021-03-19 22:06:24.49944	281
634	Brandy Bottle	At eum distinctio. Sunt quas eaque. Voluptas praesentium deleniti. Pariatur ut deleniti. Voluptatem voluptatem velit.	1	2021-03-19 22:06:24.504469	2021-03-19 22:06:24.504469	282
635	Claire Annette Reed	Rerum architecto quo. Et neque rerum. Blanditiis et illo. Aut nisi asperiores.	2	2021-03-19 22:06:24.507569	2021-03-19 22:06:24.507569	282
636	Ayma Moron	Voluptatem sit autem. Aliquid non sint. Asperiores rerum ut. Incidunt vero veniam.	2	2021-03-19 22:06:24.510836	2021-03-19 22:06:24.510836	282
637	Stan Still	Excepturi autem est. Vel beatae repudiandae. Iste exercitationem veniam. Ipsa voluptatibus laboriosam.	2	2021-03-19 22:06:24.513874	2021-03-19 22:06:24.513874	282
638	Rocky Mountain	Dolores non odit. Iste aut et. Doloremque optio in. Necessitatibus eius est.	1	2021-03-19 22:06:24.517021	2021-03-19 22:06:24.517021	282
639	Skip Stone	Dolorum ut cum. Ullam aliquam harum. Exercitationem nisi nihil. Quos et commodi. Atque praesentium sed.	1	2021-03-19 22:06:24.522323	2021-03-19 22:06:24.522323	283
640	Joe King	Et molestias temporibus. Dolores qui voluptas. Dignissimos voluptatibus ipsum. Itaque distinctio omnis.	1	2021-03-19 22:06:24.525597	2021-03-19 22:06:24.525597	283
641	Dustin D. Furniture	A recusandae excepturi. Est qui nostrum. Eveniet in voluptatem. Praesentium saepe aut.	1	2021-03-19 22:06:24.528612	2021-03-19 22:06:24.528612	283
642	Amanda Lynn	Quis quis doloribus. Fugit eum deleniti. Et commodi enim. Ullam eos modi. Sint eligendi quasi.	3	2021-03-19 22:06:24.531923	2021-03-19 22:06:24.531923	283
643	Penny Bunn	Assumenda culpa et. Qui velit temporibus. Soluta eum ut. Facilis voluptas adipisci. Aut commodi non.	5	2021-03-19 22:06:24.535071	2021-03-19 22:06:24.535071	283
644	Doug Updegrave	Dolor explicabo dignissimos. Delectus fugit illum. Voluptas consequatur qui. Et doloribus vero.	1	2021-03-19 22:06:24.540203	2021-03-19 22:06:24.540203	284
645	Dee Liver	Minus illo inventore. Ut non culpa. Maxime molestiae quis. Est corporis beatae.	1	2021-03-19 22:06:24.543648	2021-03-19 22:06:24.543648	284
646	Carson O. Gin	Magni ipsa numquam. Ea velit et. Fugiat cum sed. Fugiat quidem consequuntur.	5	2021-03-19 22:06:24.546615	2021-03-19 22:06:24.546615	284
647	Al Gore Rythim	Vel omnis magni. Quaerat magni atque. Optio inventore ea. Quis suscipit natus. Pariatur odit perferendis.	2	2021-03-19 22:06:24.549845	2021-03-19 22:06:24.549845	284
648	Liv Long	Illo eum qui. Recusandae ea aut. Corrupti fugit voluptatem. Libero sed ut.	4	2021-03-19 22:06:24.552835	2021-03-19 22:06:24.552835	284
649	Hare Brain	Est ea error. Qui minus et. Illo qui impedit. Consequatur cumque quae.	3	2021-03-19 22:06:24.557989	2021-03-19 22:06:24.557989	285
650	Melba Crisp	Ut alias est. Ut voluptatem mollitia. Ex ut laboriosam. Quas sunt delectus. Delectus impedit vel.	4	2021-03-19 22:06:24.561526	2021-03-19 22:06:24.561526	285
651	Parker Carr	Omnis quia porro. Vel voluptas voluptates. Neque eos qui. Deserunt porro nemo. Error voluptatem unde.	5	2021-03-19 22:06:24.564802	2021-03-19 22:06:24.564802	285
652	Hazel Nutt	Velit a repellat. Repudiandae ut nam. Molestiae sapiente voluptatem. Ullam quo cupiditate. Nobis fuga aut.	2	2021-03-19 22:06:24.568117	2021-03-19 22:06:24.568117	285
653	Kay Mart	Et labore exercitationem. Impedit qui et. Quidem eos libero. Consequatur soluta inventore. Magnam accusamus suscipit.	3	2021-03-19 22:06:24.571281	2021-03-19 22:06:24.571281	285
654	Penny Profit	Rerum debitis veniam. Cumque magnam quo. Qui officiis nemo. Culpa soluta sunt. Consequatur beatae non.	4	2021-03-19 22:06:24.576907	2021-03-19 22:06:24.576907	286
655	Quint S. Henschel	Omnis neque praesentium. Consequatur doloremque dolorem. Nulla qui nostrum. Similique iusto et. Voluptatibus deleniti voluptas.	5	2021-03-19 22:06:24.58014	2021-03-19 22:06:24.58014	286
656	Andy Friese	Eaque est rerum. Quisquam et ab. Consequuntur quasi rerum. Aut id ut.	5	2021-03-19 22:06:24.583273	2021-03-19 22:06:24.583273	286
657	Chris Cross	Nobis consectetur dolores. Eligendi quaerat praesentium. Et repellendus dolorem. Aut est excepturi.	5	2021-03-19 22:06:24.601477	2021-03-19 22:06:24.601477	286
658	Art Major	Aut et iure. Repellat sunt voluptas. Tenetur vel sit. Quia laborum neque. Facilis neque dolorem.	4	2021-03-19 22:06:24.605094	2021-03-19 22:06:24.605094	286
659	Myles Long	Et sint et. Ab aperiam illum. Doloremque eaque delectus. Ducimus aut doloremque.	2	2021-03-19 22:06:24.610626	2021-03-19 22:06:24.610626	287
660	Anna Prentice	Aut minima nesciunt. Eum quo non. Eum hic atque. Harum eaque quaerat.	2	2021-03-19 22:06:24.613712	2021-03-19 22:06:24.613712	287
661	Harmon Ikka	Quis eligendi est. Est sit ullam. Tempore nihil est. Magni nihil odio.	3	2021-03-19 22:06:24.616682	2021-03-19 22:06:24.616682	287
662	Ali Katt	Voluptatem et veritatis. In consequatur vero. Ipsa id voluptates. Eos sunt cupiditate.	1	2021-03-19 22:06:24.619525	2021-03-19 22:06:24.619525	287
663	Barry D. Hatchett	Et natus hic. Quisquam ut nisi. Officia error debitis. Qui consequatur eos. Quia est quia.	3	2021-03-19 22:06:24.622703	2021-03-19 22:06:24.622703	287
664	Joanna Hand	Numquam sunt ut. Soluta optio consequuntur. Natus culpa nisi. Omnis beatae ex.	5	2021-03-19 22:06:24.627973	2021-03-19 22:06:24.627973	288
665	Cara Van	Consequatur ducimus consequuntur. Est vero odio. Dolorem et possimus. Et aperiam tempora.	5	2021-03-19 22:06:24.630933	2021-03-19 22:06:24.630933	288
666	Rufus Leaking	Sapiente optio illum. Qui mollitia sed. Commodi aut fugiat. Similique eos voluptatem.	5	2021-03-19 22:06:24.633869	2021-03-19 22:06:24.633869	288
667	Sam Pull	Libero blanditiis architecto. Eum tenetur nesciunt. Magnam veritatis et. Ullam occaecati placeat.	4	2021-03-19 22:06:24.636699	2021-03-19 22:06:24.636699	288
668	Buddy Booth	Sint amet placeat. Assumenda dolorum non. Architecto cupiditate natus. Numquam adipisci quisquam.	4	2021-03-19 22:06:24.639607	2021-03-19 22:06:24.639607	288
669	Ewan Whatarmy	Autem atque iure. Itaque quae quia. Possimus et quo. Excepturi aliquid eligendi.	1	2021-03-19 22:06:24.644408	2021-03-19 22:06:24.644408	289
670	Hugh Mungous	Quam exercitationem voluptatem. Qui eos in. Eum esse perspiciatis. Voluptatem distinctio quam.	4	2021-03-19 22:06:24.647206	2021-03-19 22:06:24.647206	289
671	Joe Kerr	Sed rerum fugiat. Excepturi et nihil. Dicta est quaerat. Ratione animi aut. Soluta velit porro.	4	2021-03-19 22:06:24.650192	2021-03-19 22:06:24.650192	289
672	Bea Lowe	Possimus est officiis. Ad sint dicta. Eligendi quia cum. Quidem assumenda harum.	5	2021-03-19 22:06:24.653025	2021-03-19 22:06:24.653025	289
673	Homan Provement	Non harum enim. Qui occaecati voluptas. Reiciendis voluptatibus dignissimos. Amet nemo aliquid.	2	2021-03-19 22:06:24.655785	2021-03-19 22:06:24.655785	289
674	Harry R. M. Pitts	Aut quae voluptas. Veritatis dolores qui. Fugit quo sed. Accusantium iusto quia.	5	2021-03-19 22:06:24.661137	2021-03-19 22:06:24.661137	290
675	Dan Saul Knight	Praesentium nulla dolore. Veniam odit sunt. Iste dolore culpa. Ea nesciunt rerum.	4	2021-03-19 22:06:24.66407	2021-03-19 22:06:24.66407	290
676	Tyrone Shoes	Maxime sed dolorum. Animi voluptatum culpa. Repellat rem eos. Et a quia.	1	2021-03-19 22:06:24.667048	2021-03-19 22:06:24.667048	290
677	Cole Kutz	Voluptatem ipsam minus. Voluptatem reiciendis quia. Sit sint laudantium. Fugiat blanditiis atque.	2	2021-03-19 22:06:24.669997	2021-03-19 22:06:24.669997	290
678	Sue Ridge	Earum eligendi sit. Qui nam omnis. Esse sunt delectus. Esse voluptatibus amet. Optio ut iure.	3	2021-03-19 22:06:24.673016	2021-03-19 22:06:24.673016	290
679	Duane DeVane	Excepturi maxime fugit. Eos deserunt nemo. Eaque facere vel. Dolorem ut culpa.	2	2021-03-19 22:06:24.678037	2021-03-19 22:06:24.678037	291
680	Penny Wise	Nesciunt qui dolores. Qui sit officiis. Assumenda minima molestiae. Ex voluptatibus ut.	3	2021-03-19 22:06:24.680956	2021-03-19 22:06:24.680956	291
681	Ben D. Fender	Deserunt deleniti voluptatibus. Blanditiis alias fugit. Ullam molestias mollitia. Neque vero doloribus.	1	2021-03-19 22:06:24.683944	2021-03-19 22:06:24.683944	291
682	Sandy Spring	Dicta repellat quis. Ad quasi est. Et doloribus rem. Id velit adipisci.	4	2021-03-19 22:06:24.686792	2021-03-19 22:06:24.686792	291
683	Denny Juan Heredatt	Cum consequuntur architecto. Ratione eligendi perferendis. Est quis magni. Blanditiis adipisci quam.	1	2021-03-19 22:06:24.689662	2021-03-19 22:06:24.689662	291
684	Bill Ding	Suscipit non dolorem. Voluptatem omnis architecto. Qui pariatur iste. Odio voluptates esse. Ipsum blanditiis voluptatibus.	3	2021-03-19 22:06:24.69482	2021-03-19 22:06:24.69482	292
685	Douglas S. Halfempty	Deleniti saepe repellat. Recusandae deleniti ipsam. Deleniti pariatur enim. Est nobis tempore. Iusto officia blanditiis.	2	2021-03-19 22:06:24.697975	2021-03-19 22:06:24.697975	292
686	Ilene Dover	Error itaque voluptatem. Ex sunt ratione. Eligendi doloremque quis. Repellendus est quia. Ea veritatis a.	2	2021-03-19 22:06:24.700974	2021-03-19 22:06:24.700974	292
687	Anita Bathe	Fugiat repudiandae autem. Sint excepturi et. Ratione ad et. Quisquam repellat totam.	1	2021-03-19 22:06:24.703885	2021-03-19 22:06:24.703885	292
688	Doug Love Fitzhugh	Autem minima repudiandae. Nam nemo aliquam. Nesciunt ipsam doloremque. Amet mollitia quia. Aut mollitia harum.	2	2021-03-19 22:06:24.707034	2021-03-19 22:06:24.707034	292
689	Olive Yew	Eveniet voluptas eos. Laborum voluptate aliquid. Aliquid commodi exercitationem. Sint ex asperiores.	3	2021-03-19 22:06:24.712159	2021-03-19 22:06:24.712159	293
690	Frank N. Beans	Quam omnis ut. Qui nam libero. Animi atque quod. Ut voluptatem accusantium. Vitae aut quia.	4	2021-03-19 22:06:24.715284	2021-03-19 22:06:24.715284	293
691	Frank Furter	Deleniti dolore omnis. Recusandae cum quis. Sunt impedit dolor. Fugiat veritatis vel. Quia ullam sed.	1	2021-03-19 22:06:24.718283	2021-03-19 22:06:24.718283	293
692	Lynn Meabuck	Molestiae aliquid minima. Ea expedita ut. Officia eos qui. Esse pariatur inventore. Eum molestias distinctio.	5	2021-03-19 22:06:24.721396	2021-03-19 22:06:24.721396	293
693	Sam Urai	Suscipit et dolores. Dicta autem modi. Nobis eum quam. Rerum ut quia.	5	2021-03-19 22:06:24.724323	2021-03-19 22:06:24.724323	293
694	Les Moore	Cupiditate minus similique. Numquam praesentium repellendus. Laboriosam esse velit. Autem sit rem. Tempore ut magni.	5	2021-03-19 22:06:24.729354	2021-03-19 22:06:24.729354	294
695	Ima Klotz	Consectetur nostrum blanditiis. Blanditiis incidunt similique. Adipisci quam ut. Sit aut et.	1	2021-03-19 22:06:24.732322	2021-03-19 22:06:24.732322	294
696	Jeanette Akenja Nearing	Alias sunt quibusdam. Accusantium qui quae. Aut rerum ducimus. Corrupti nihil sapiente. Totam atque vitae.	4	2021-03-19 22:06:24.735338	2021-03-19 22:06:24.735338	294
697	Marcus Absent	Repudiandae veritatis quo. Praesentium hic eos. A totam nisi. Aut hic aut. Tenetur rem facere.	5	2021-03-19 22:06:24.738318	2021-03-19 22:06:24.738318	294
698	Joe Czarfunee	Molestiae harum non. Maxime voluptatum ut. Omnis consectetur sapiente. Autem aut consequatur. Est ducimus et.	1	2021-03-19 22:06:24.741565	2021-03-19 22:06:24.741565	294
699	Harry Legg	Delectus ipsum tempore. Excepturi dolor nulla. Quia dolor voluptatibus. Modi aut corrupti.	1	2021-03-19 22:06:24.746484	2021-03-19 22:06:24.746484	295
700	Lou Zar	Eaque architecto sint. Odit sit expedita. Dolorum quidem ipsum. Impedit sequi repellendus.	5	2021-03-19 22:06:24.749398	2021-03-19 22:06:24.749398	295
701	Ben O'Drill	Necessitatibus saepe ipsa. Nemo provident ipsum. Recusandae perferendis quis. Tempora aperiam et.	5	2021-03-19 22:06:24.752255	2021-03-19 22:06:24.752255	295
702	Luke Warm	Sed eius quos. Minus ratione eum. Nesciunt sit et. Unde nam soluta. Nihil et saepe.	2	2021-03-19 22:06:24.755177	2021-03-19 22:06:24.755177	295
703	Otto Graf	Reiciendis ut quam. Mollitia rerum assumenda. Similique magni dolorem. A quia eveniet. Velit iusto qui.	2	2021-03-19 22:06:24.758353	2021-03-19 22:06:24.758353	295
704	Rob A. Bank	Tempora eveniet architecto. Mollitia sunt ullam. Impedit aut asperiores. A ex earum.	1	2021-03-19 22:06:24.763338	2021-03-19 22:06:24.763338	296
705	Roger Overandout	Reiciendis quae ad. Commodi occaecati eveniet. Asperiores illo repudiandae. Nihil tenetur temporibus.	2	2021-03-19 22:06:24.766286	2021-03-19 22:06:24.766286	296
706	M. Balmer	Dolorem magnam quia. Sed commodi vel. Cupiditate aut dolorem. Est nihil qui.	4	2021-03-19 22:06:24.769103	2021-03-19 22:06:24.769103	296
707	Bill Foldes	Similique sint culpa. Aut iure quia. Dolores ipsam non. Commodi est quisquam. Officiis id dolore.	5	2021-03-19 22:06:24.772042	2021-03-19 22:06:24.772042	296
708	Robin Banks	Occaecati ut laboriosam. Non et et. Sunt nisi vel. Aut culpa rem.	4	2021-03-19 22:06:24.775242	2021-03-19 22:06:24.775242	296
709	Lou Briccant	Illum adipisci aliquid. Voluptas et qui. Similique neque velit. Nesciunt accusamus nemo. Sint sed animi.	3	2021-03-19 22:06:24.78026	2021-03-19 22:06:24.78026	297
710	Jacques Strap	Aliquid vitae in. Aspernatur voluptas nemo. Consequuntur incidunt velit. Sed assumenda incidunt. Aut est vero.	5	2021-03-19 22:06:24.783305	2021-03-19 22:06:24.783305	297
711	Danielle Soloud	Animi dolor qui. Voluptatum non deleniti. Est in voluptates. Quia et in. Ab magnam quis.	1	2021-03-19 22:06:24.786233	2021-03-19 22:06:24.786233	297
712	Darren Deeds	Quo sapiente perferendis. Assumenda quod ex. Odio voluptas qui. Perspiciatis cum ut. Placeat repellat ea.	1	2021-03-19 22:06:24.789237	2021-03-19 22:06:24.789237	297
713	Chrystal Glass	Tenetur aut dolores. Eos occaecati culpa. Ut amet aut. Molestiae culpa dolore. Animi dolore in.	3	2021-03-19 22:06:24.792633	2021-03-19 22:06:24.792633	297
714	Candice B. DePlace	Quia est aut. Est qui nulla. Iste nesciunt totam. Commodi impedit a.	2	2021-03-19 22:06:24.797587	2021-03-19 22:06:24.797587	298
715	Cal Culator	Aspernatur nihil nesciunt. Quam eum fugit. Illo porro sit. Possimus et optio. Vel rerum exercitationem.	5	2021-03-19 22:06:24.800664	2021-03-19 22:06:24.800664	298
716	Owen Big	Occaecati optio dolorem. Reprehenderit dolorem cupiditate. Sed dignissimos cum. Quo magnam quam.	4	2021-03-19 22:06:24.803555	2021-03-19 22:06:24.803555	298
717	Sally Forth	Aut et qui. Omnis velit blanditiis. Quia ipsum explicabo. Porro quidem ut. Non temporibus eius.	5	2021-03-19 22:06:24.806616	2021-03-19 22:06:24.806616	298
718	Ray Gunn	Libero ut placeat. Distinctio praesentium placeat. Iure quae quo. Error aspernatur praesentium. Alias ex explicabo.	3	2021-03-19 22:06:24.809927	2021-03-19 22:06:24.809927	298
719	Cy Burns	Quaerat maxime porro. Sunt in ut. Quo assumenda totam. Aut qui omnis. Iure esse culpa.	5	2021-03-19 22:06:24.814883	2021-03-19 22:06:24.814883	299
720	Rusty Steele	Assumenda tempora non. Ut impedit tempore. Esse iure sint. Corporis maxime numquam.	2	2021-03-19 22:06:24.817819	2021-03-19 22:06:24.817819	299
721	Mel Function	Sint dolores modi. Aliquam vel enim. Quis et quibusdam. Sunt nihil hic. Et quia quaerat.	3	2021-03-19 22:06:24.820951	2021-03-19 22:06:24.820951	299
722	Candy Barr	Dolorem molestiae libero. Omnis voluptas excepturi. Dolor eos qui. Eum nihil dignissimos. Ducimus debitis dolores.	3	2021-03-19 22:06:24.824079	2021-03-19 22:06:24.824079	299
723	June Bugg	Illum aliquid ratione. Ut nisi blanditiis. Architecto reiciendis doloremque. Assumenda rem nihil.	1	2021-03-19 22:06:24.827209	2021-03-19 22:06:24.827209	299
724	Kristie Hannity	Voluptate quas rerum. Qui facere molestiae. Neque facilis facere. Et est quaerat. Nihil ut sit.	3	2021-03-19 22:06:24.832292	2021-03-19 22:06:24.832292	300
725	Vlad Tire	Facilis ut recusandae. Necessitatibus et aperiam. Iusto nulla eos. Omnis eum beatae.	4	2021-03-19 22:06:24.83515	2021-03-19 22:06:24.83515	300
726	Darrell B. Moore	Molestiae qui accusantium. Cupiditate tempore eum. Eos itaque sint. Qui aut vel.	4	2021-03-19 22:06:24.838102	2021-03-19 22:06:24.838102	300
727	Charity Case	Voluptates consequatur distinctio. Adipisci nihil qui. Est sunt neque. Voluptatum eaque vel. Voluptatum sed voluptatibus.	1	2021-03-19 22:06:24.841254	2021-03-19 22:06:24.841254	300
728	Seymour Legg	Voluptatum et voluptatibus. Alias rem animi. Et delectus et. Ex at illum. Reprehenderit est quae.	5	2021-03-19 22:06:24.844741	2021-03-19 22:06:24.844741	300
729	Hein Noon	Modi inventore hic. Ipsa ad laudantium. Sit commodi facere. Consequatur enim assumenda. Fugit eum voluptatem.	3	2021-03-19 22:06:24.850054	2021-03-19 22:06:24.850054	301
730	Woody Forrest	Impedit omnis velit. Voluptatem possimus sequi. Aliquid temporibus possimus. Aut et cum. Perferendis aut illo.	5	2021-03-19 22:06:24.853195	2021-03-19 22:06:24.853195	301
731	Billy Rubin	Non et praesentium. Officiis et aperiam. Quos voluptatibus laborum. Eos praesentium quia. Blanditiis voluptatem officia.	2	2021-03-19 22:06:24.856391	2021-03-19 22:06:24.856391	301
732	Terry Achey	Atque exercitationem porro. Alias optio perspiciatis. Suscipit corrupti nobis. Voluptatum fuga animi. Sit itaque ut.	3	2021-03-19 22:06:24.859764	2021-03-19 22:06:24.859764	301
733	Val Veeta	Occaecati et nemo. Esse ut sint. Accusantium exercitationem cupiditate. Non ut rem. Reiciendis necessitatibus culpa.	4	2021-03-19 22:06:24.863166	2021-03-19 22:06:24.863166	301
734	Ty Knotts	Unde qui officiis. Distinctio ipsum asperiores. Eius reprehenderit exercitationem. Consequatur nemo aut.	4	2021-03-19 22:06:24.868092	2021-03-19 22:06:24.868092	302
735	Woody U. No	Ipsam molestiae explicabo. Quis et in. Nam quisquam vel. Iste suscipit excepturi. Nesciunt id doloremque.	3	2021-03-19 22:06:24.871111	2021-03-19 22:06:24.871111	302
736	Didi Reelydoit	Aliquam impedit eos. Omnis vero placeat. Sit incidunt voluptatibus. Ad itaque quam.	2	2021-03-19 22:06:24.874035	2021-03-19 22:06:24.874035	302
737	Rhea Pollster	Qui qui sit. Dolores numquam sunt. Sint dolor ducimus. Et voluptatem quia. Voluptas omnis molestiae.	4	2021-03-19 22:06:24.877277	2021-03-19 22:06:24.877277	302
738	Xavier Money	Recusandae quasi eum. Voluptas distinctio aspernatur. Recusandae minima asperiores. Voluptas ab sunt. Tempore sit beatae.	3	2021-03-19 22:06:24.880404	2021-03-19 22:06:24.880404	302
739	Doris Open	Quos eveniet repudiandae. Veniam exercitationem possimus. Debitis quia sit. Sit nesciunt recusandae. Distinctio placeat et.	2	2021-03-19 22:06:24.886224	2021-03-19 22:06:24.886224	303
740	Brandon Irons	Eaque omnis nulla. Voluptatem possimus laboriosam. Qui culpa itaque. Suscipit quas beatae.	5	2021-03-19 22:06:24.889083	2021-03-19 22:06:24.889083	303
741	Jo King	Hic sequi culpa. Occaecati quibusdam commodi. Ea libero optio. Debitis architecto possimus. Rem molestiae quo.	5	2021-03-19 22:06:24.892402	2021-03-19 22:06:24.892402	303
742	Darryl Likt	Provident vel est. Officia sint excepturi. Architecto pariatur sint. Omnis ullam sed.	3	2021-03-19 22:06:24.895339	2021-03-19 22:06:24.895339	303
743	Tish Hughes	Numquam aperiam est. Asperiores debitis ducimus. Neque corporis aperiam. Eos qui assumenda. Delectus vel et.	4	2021-03-19 22:06:24.898406	2021-03-19 22:06:24.898406	303
744	Hugh deMann	Repudiandae et ad. Eos quis optio. Ut et molestiae. Consequatur unde optio.	2	2021-03-19 22:06:24.903191	2021-03-19 22:06:24.903191	304
745	Warren Piece	Eum architecto assumenda. Enim repellendus et. Quod explicabo qui. Voluptates soluta inventore.	2	2021-03-19 22:06:24.906134	2021-03-19 22:06:24.906134	304
746	Bjorn Free	Quae unde nesciunt. Quidem culpa minus. Est sapiente amet. Voluptate accusantium dolores. Aspernatur quia porro.	1	2021-03-19 22:06:24.909491	2021-03-19 22:06:24.909491	304
747	Cam Payne	Aut ea hic. Qui reiciendis aperiam. Autem eos pariatur. Ut quasi fuga. Nisi quidem tenetur.	3	2021-03-19 22:06:24.91249	2021-03-19 22:06:24.91249	304
748	Frank N. Sense	Autem quasi nisi. Explicabo similique at. Tempora perspiciatis eaque. Id numquam laudantium.	1	2021-03-19 22:06:24.915483	2021-03-19 22:06:24.915483	304
749	Warren T.	Asperiores illum quia. Velit in ratione. Et veritatis molestiae. Voluptas odio ratione. Nihil velit est.	5	2021-03-19 22:06:24.92049	2021-03-19 22:06:24.92049	305
750	Nick L. Andime	Nam nihil quis. Ipsa atque architecto. Laborum laboriosam rerum. Voluptatem quis nihil. Et hic sit.	2	2021-03-19 22:06:24.923798	2021-03-19 22:06:24.923798	305
751	Pepe Roni	Dolorem maxime tempore. Quo fuga suscipit. Eius doloribus suscipit. Maiores quam veniam.	1	2021-03-19 22:06:24.926834	2021-03-19 22:06:24.926834	305
752	Mike Rohsopht	Delectus ratione aliquid. Optio consequuntur ipsum. Consectetur sed maxime. Vel ipsa debitis. Ut aliquam delectus.	2	2021-03-19 22:06:24.930006	2021-03-19 22:06:24.930006	305
753	Rich Guy	Rerum maxime saepe. Ipsa reiciendis porro. Dolores commodi voluptatem. A debitis adipisci.	2	2021-03-19 22:06:24.932958	2021-03-19 22:06:24.932958	305
754	Rocky Beach	Iure sit ratione. Hic nihil officiis. Omnis totam ut. Quia hic exercitationem. Magnam facilis tempore.	2	2021-03-19 22:06:24.937875	2021-03-19 22:06:24.937875	306
755	Faye Kinnitt	Et inventore ut. Nobis impedit voluptas. Nesciunt ut dolor. Facilis qui omnis. Quibusdam ipsum consequatur.	1	2021-03-19 22:06:24.941183	2021-03-19 22:06:24.941183	306
756	Jan U. Wharry	Expedita aperiam ut. Totam rerum velit. Quaerat voluptatum eum. Dicta quia mollitia. Qui nihil eveniet.	4	2021-03-19 22:06:24.944558	2021-03-19 22:06:24.944558	306
757	Jimmy DeLocke	Perferendis ea tempore. Non dignissimos adipisci. Voluptas qui vero. Officiis laboriosam neque. Dolorem eius et.	2	2021-03-19 22:06:24.947673	2021-03-19 22:06:24.947673	306
758	Crystal Glass	Sed fugiat quia. Mollitia sed voluptates. Non qui incidunt. Quos quibusdam minus. Et ut officiis.	4	2021-03-19 22:06:24.951006	2021-03-19 22:06:24.951006	306
759	Art Exhibit	Occaecati fugiat eum. Eveniet temporibus voluptate. Ut culpa soluta. Quibusdam est itaque.	4	2021-03-19 22:06:24.956136	2021-03-19 22:06:24.956136	307
760	Armand Hammer	Eius voluptas autem. Magnam quis excepturi. Quos eum qui. Sit porro qui. Corrupti ex odio.	1	2021-03-19 22:06:24.973411	2021-03-19 22:06:24.973411	307
761	Reed Toomey	Quasi tempora occaecati. Mollitia autem accusantium. Cum quia quas. Vitae ratione et. Illo aperiam eum.	2	2021-03-19 22:06:24.977268	2021-03-19 22:06:24.977268	307
762	Ray N. Carnation	Facilis accusamus minima. Voluptatem quidem ut. Laudantium ad est. Enim libero expedita. Explicabo voluptate dolorem.	1	2021-03-19 22:06:24.980478	2021-03-19 22:06:24.980478	307
763	May Day	Possimus necessitatibus illum. Possimus quisquam corporis. Suscipit eaque quasi. Cum aut quis. Nam iure aliquid.	1	2021-03-19 22:06:24.983796	2021-03-19 22:06:24.983796	307
764	Mike Stand	Nam autem dolorem. Dolorum voluptatem quas. Quasi sed velit. Animi quae est.	4	2021-03-19 22:06:24.988827	2021-03-19 22:06:24.988827	308
765	Sarah Doctorinthehouse	Eligendi aliquid ad. Aut aut perferendis. Molestiae dignissimos aut. Quam temporibus maxime. Ratione id aspernatur.	4	2021-03-19 22:06:24.99233	2021-03-19 22:06:24.99233	308
766	Rick Kleiner	Accusamus cupiditate vel. Quia qui dolore. Eius quia aperiam. Consequatur exercitationem eaque.	1	2021-03-19 22:06:24.995443	2021-03-19 22:06:24.995443	308
767	Barry D'Alive	Labore sed ducimus. Recusandae quisquam architecto. Consequatur deleniti sit. Eius nulla nihil.	1	2021-03-19 22:06:24.998444	2021-03-19 22:06:24.998444	308
768	Brandon Cattell	Quos nihil consequatur. Libero consequatur et. Expedita ab minus. Amet ad aliquam.	1	2021-03-19 22:06:25.001455	2021-03-19 22:06:25.001455	308
769	Dwayne Pipe	Inventore ex reprehenderit. Modi qui ex. Unde rerum repellendus. Amet quis quis. Neque similique a.	1	2021-03-19 22:06:25.006479	2021-03-19 22:06:25.006479	309
770	Ann Chovie	Doloribus porro sit. Magni delectus ut. Cumque et expedita. Omnis et possimus.	5	2021-03-19 22:06:25.009649	2021-03-19 22:06:25.009649	309
771	Harry Pitts	Qui earum quam. Cum aliquid commodi. Vel ut repudiandae. Qui deleniti quo.	5	2021-03-19 22:06:25.01262	2021-03-19 22:06:25.01262	309
772	Rusty Dorr	Praesentium quisquam unde. Sed sunt nobis. Officia voluptates ut. Quia nisi excepturi. Sequi recusandae blanditiis.	5	2021-03-19 22:06:25.015641	2021-03-19 22:06:25.015641	309
773	Mary Gold	Laborum dolore deleniti. Asperiores quia dolores. Necessitatibus beatae sit. Aliquid voluptatem et.	1	2021-03-19 22:06:25.018553	2021-03-19 22:06:25.018553	309
774	Bruce Easley	Ut iste facere. Distinctio iste rem. Iste necessitatibus sed. Fugit praesentium repellendus.	3	2021-03-19 22:06:25.023592	2021-03-19 22:06:25.023592	310
775	Hy Marx	Sed sint non. Voluptatibus neque architecto. Non cumque iure. Pariatur consequatur qui.	5	2021-03-19 22:06:25.026515	2021-03-19 22:06:25.026515	310
776	I. Pullem	Doloribus quidem officia. Ut placeat odio. Aut consequuntur harum. Magnam praesentium qui.	3	2021-03-19 22:06:25.029352	2021-03-19 22:06:25.029352	310
777	Abel N. Willan	Fugiat nihil fugit. Reprehenderit vel quaerat. Et eaque expedita. Repellendus aut velit.	2	2021-03-19 22:06:25.032184	2021-03-19 22:06:25.032184	310
778	Owen Cash	Vel itaque iste. Saepe ut in. Voluptate porro non. Eos consectetur ut. Eos ipsa esse.	5	2021-03-19 22:06:25.035564	2021-03-19 22:06:25.035564	310
779	Eve Hill	Ab est praesentium. Nihil itaque consectetur. Sit nobis et. Ab et ducimus. Laborum at ut.	4	2021-03-19 22:06:25.040404	2021-03-19 22:06:25.040404	311
780	Reid Enright	Id quia qui. Similique consequatur cupiditate. Consequatur dolor quo. Ullam sunt facere. Laborum in eum.	2	2021-03-19 22:06:25.044389	2021-03-19 22:06:25.044389	311
781	Ginger Rayl	Similique repellendus libero. Omnis maxime a. Esse iusto necessitatibus. Non labore minus. Quae aut sed.	3	2021-03-19 22:06:25.047434	2021-03-19 22:06:25.047434	311
782	Al B. Zienya	Sint ut sit. Et non explicabo. Facilis alias aut. Perferendis adipisci omnis.	3	2021-03-19 22:06:25.050461	2021-03-19 22:06:25.050461	311
783	Jade Stone	Assumenda totam eum. Vero minima voluptatem. Cupiditate velit dolorum. Et non doloremque. Alias illum quia.	4	2021-03-19 22:06:25.053571	2021-03-19 22:06:25.053571	311
784	I. Ball	Aut vel in. Aut et ut. Unde quaerat possimus. Mollitia sunt sunt.	2	2021-03-19 22:06:25.058636	2021-03-19 22:06:25.058636	312
785	Sam Manilla	Facere necessitatibus itaque. Eum sit laboriosam. Eos nobis iusto. Ut amet autem. Et sapiente quasi.	1	2021-03-19 22:06:25.06211	2021-03-19 22:06:25.06211	312
786	Justin Sane	Animi doloribus placeat. At nulla et. Earum rerum quia. Autem debitis explicabo.	2	2021-03-19 22:06:25.065073	2021-03-19 22:06:25.065073	312
787	Crystal Claire Waters	Eos hic quod. Quod optio necessitatibus. Commodi aliquam doloremque. Dolorem dolor maiores. Dignissimos sunt nemo.	5	2021-03-19 22:06:25.068102	2021-03-19 22:06:25.068102	312
788	Brandy D. Cantor	Consequatur sed voluptatum. Ipsam provident maxime. Magnam ea veritatis. Dolor cupiditate voluptatem. Maiores sint ut.	1	2021-03-19 22:06:25.071118	2021-03-19 22:06:25.071118	312
789	Annie Howe	Facere enim necessitatibus. Impedit natus ducimus. Labore et est. Blanditiis voluptatibus impedit. Vel qui in.	3	2021-03-19 22:06:25.076457	2021-03-19 22:06:25.076457	313
790	Rusty Fossat	Totam rem quod. Velit voluptate quae. Mollitia voluptatem voluptate. Rerum dolor maiores.	1	2021-03-19 22:06:25.079478	2021-03-19 22:06:25.079478	313
791	Dinah Soares	Aut asperiores cum. Rerum deleniti nesciunt. Ad aspernatur vel. Accusamus incidunt molestiae. Laborum ut et.	5	2021-03-19 22:06:25.082752	2021-03-19 22:06:25.082752	313
792	Jim Shorts	Cupiditate qui aut. In dolor qui. Quas autem recusandae. Et deleniti quia. Consequatur rerum omnis.	3	2021-03-19 22:06:25.085774	2021-03-19 22:06:25.085774	313
793	Hope Ferterbest	Quam et amet. Voluptate sunt autem. Vel maxime et. Voluptatum pariatur dolor. Culpa ducimus aperiam.	2	2021-03-19 22:06:25.088804	2021-03-19 22:06:25.088804	313
794	Ella Vader	Ut beatae quibusdam. Reprehenderit minima est. Quia cupiditate commodi. In eos iure. Qui nulla sed.	3	2021-03-19 22:06:25.094087	2021-03-19 22:06:25.094087	314
795	Marge Innastraightline	Atque dolore nam. Consequatur alias ut. Iste ea alias. Explicabo quasi qui.	5	2021-03-19 22:06:25.09743	2021-03-19 22:06:25.09743	314
796	Dale E. Bread	Non ut sunt. Molestiae ipsa velit. Distinctio et non. Voluptatem molestiae voluptas.	5	2021-03-19 22:06:25.100472	2021-03-19 22:06:25.100472	314
797	Rich Kidd	Facere similique consequatur. Labore magni modi. Dolorum aut ipsa. Excepturi voluptatem voluptatem. Dignissimos earum dolor.	2	2021-03-19 22:06:25.103491	2021-03-19 22:06:25.103491	314
798	Hy Gene	Neque aut eos. Id ipsam qui. Voluptatem quisquam est. Aut laboriosam aut.	5	2021-03-19 22:06:25.106805	2021-03-19 22:06:25.106805	314
799	Diane Toluvia	Nam ut iusto. Doloribus fugiat dolores. Molestiae aut eveniet. Sunt commodi quos.	1	2021-03-19 22:06:25.112312	2021-03-19 22:06:25.112312	315
800	Ed Ible	Et dolorem doloribus. Earum omnis quibusdam. Nihil occaecati et. Qui vel iure. Et expedita libero.	2	2021-03-19 22:06:25.115412	2021-03-19 22:06:25.115412	315
801	Park A. Studebaker	Ut eum omnis. Neque ab sequi. Sunt harum in. Atque mollitia est.	5	2021-03-19 22:06:25.11836	2021-03-19 22:06:25.11836	315
802	Misty Meanor	Optio necessitatibus maiores. Est illo non. Quia reiciendis dolor. Nihil id non.	1	2021-03-19 22:06:25.121286	2021-03-19 22:06:25.121286	315
803	Bill Ng	Repellendus fugit eligendi. Ea incidunt aliquam. Ut qui tempora. Dignissimos non ullam. Consequatur molestiae aut.	3	2021-03-19 22:06:25.124511	2021-03-19 22:06:25.124511	315
\.


--
-- Data for Name: schema_migrations; Type: TABLE DATA; Schema: public; Owner: Micah
--

COPY public.schema_migrations (version) FROM stdin;
20210319151654
20210319151703
20210319155200
20210319155409
\.


--
-- Name: products_id_seq; Type: SEQUENCE SET; Schema: public; Owner: Micah
--

SELECT pg_catalog.setval('public.products_id_seq', 315, true);


--
-- Name: reviews_id_seq; Type: SEQUENCE SET; Schema: public; Owner: Micah
--

SELECT pg_catalog.setval('public.reviews_id_seq', 803, true);


--
-- Name: ar_internal_metadata ar_internal_metadata_pkey; Type: CONSTRAINT; Schema: public; Owner: Micah
--

ALTER TABLE ONLY public.ar_internal_metadata
    ADD CONSTRAINT ar_internal_metadata_pkey PRIMARY KEY (key);


--
-- Name: products products_pkey; Type: CONSTRAINT; Schema: public; Owner: Micah
--

ALTER TABLE ONLY public.products
    ADD CONSTRAINT products_pkey PRIMARY KEY (id);


--
-- Name: reviews reviews_pkey; Type: CONSTRAINT; Schema: public; Owner: Micah
--

ALTER TABLE ONLY public.reviews
    ADD CONSTRAINT reviews_pkey PRIMARY KEY (id);


--
-- Name: schema_migrations schema_migrations_pkey; Type: CONSTRAINT; Schema: public; Owner: Micah
--

ALTER TABLE ONLY public.schema_migrations
    ADD CONSTRAINT schema_migrations_pkey PRIMARY KEY (version);


--
-- Name: reviews fk_rails_bedd9094d4; Type: FK CONSTRAINT; Schema: public; Owner: Micah
--

ALTER TABLE ONLY public.reviews
    ADD CONSTRAINT fk_rails_bedd9094d4 FOREIGN KEY (product_id) REFERENCES public.products(id);


--
-- PostgreSQL database dump complete
--

